part,bias,n,mean,sd,t,df,p,p_holm,d,classification,ci_lo,ci_hi
presence,Anchoring,85,0.16296078431372546,0.08610331882456705,17.44908577608784,84,1.1395135691430674e-29,5.697567845715337e-29,1.8926190829618683,PRESENT,0.11082352941176467,0.21509803921568627
presence,Framing Effect,85,-0.3364923747276688,0.1429674016298285,-21.69939701621142,84,3.444749184636101e-36,2.0668495107816606e-35,-2.3536300645577626,REVERSED,-0.40274509803921577,-0.25098039215686274
presence,Loss Aversion,85,-0.5858823529411764,0.6676604987191869,-8.09029201225277,84,4.000291742126006e-12,1.6001166968504023e-11,-0.8775153750523053,REVERSED,-0.913921568627451,0.03098039215686277
presence,Escalation Of Commitment,85,-0.06952941176470587,0.10294893177452222,-6.226674641540775,84,1.8034224733826388e-08,5.410267420147916e-08,-0.6753776903386286,REVERSED,-0.11509803921568623,-0.030913398692810835
presence,Availability Heuristic,85,-0.03482959850606907,0.08322357996386057,-3.858438101266582,84,0.000223103722456759,0.000223103722456759,-0.4185063718863531,REVERSED,-0.06761344537815123,0.005007002801120469
presence,Confirmation Bias,85,-0.13858823529411765,0.21231800577018825,-6.01795590494987,84,4.4602368786332643e-08,8.920473757266529e-08,-0.6527389647966303,REVERSED,-0.2488235294117647,-0.043411764705882344
sensitivity,Anchoring,20,-0.0004001107034302703,,-0.20316079736856613,19,0.8411692625442513,1.0,,REASONING-INVARIANT,-0.004387569078524548,0.0031137219446966996
sensitivity,Framing Effect,20,-0.008709222991211452,,-1.6969454097773895,19,0.10602844707817285,0.4241137883126914,,REASONING-INVARIANT,-0.017301486765790904,0.0022130910404007673
sensitivity,Loss Aversion,20,0.004915458641862187,,0.8852939526494437,19,0.38706519980304244,1.0,,REASONING-INVARIANT,-0.00540552909504307,0.015996037684099875
sensitivity,Escalation Of Commitment,20,-0.010307240839009345,,-3.137547599418702,19,0.005421319851188103,0.032527919107128614,,REASONING-RESPONSIVE (decreases),-0.016944958479693486,-0.004510706895119658
sensitivity,Availability Heuristic,20,0.0007722171690805936,,0.41990959208547196,19,0.6792617272294071,1.0,,REASONING-INVARIANT,-0.0028062753798309297,0.004199072635605616
sensitivity,Confirmation Bias,20,0.021761253366088754,,2.8235036340009065,19,0.010852903966929674,0.05426451983464837,,REASONING-INVARIANT,0.008867186303461946,0.03799065292472542
